filename,text
map_00000.png,4KTN9
map_00001.png,7UTUP
map_00002.png,D37JF
map_00003.png,HTJA9
map_00004.png,JX7CL
map_00005.png,JYRJX
map_00006.png,KK4EK
map_00007.png,KWNVJ
map_00008.png,PY3WU
map_00009.png,TH9TQ
map_00010.png,TJKN9
map_00011.png,WELDP
map_00012.png,UPVAP
map_00013.png,FYEVU
map_00014.png,Q9DHQ
map_00015.png,3WCE7
map_00016.png,LDWC7
map_00017.png,QR939
map_00018.png,R3AWX
map_00019.png,WTVRY
map_00020.png,H7K3X
map_00021.png,CRUNX
map_00022.png,NULLH
map_00023.png,FMMAE
map_00024.png,XQJWL
map_00025.png,W3TRC
map_00026.png,XFYVM
map_00027.png,AV4LL
map_00028.png,UWRUH
map_00029.png,Q9YJA
map_00030.png,Y3Q93
map_00031.png,YHTRT
map_00032.png,3JYER
map_00033.png,ML4CT
map_00034.png,NFWRE
map_00035.png,QHXVH
map_00036.png,QWMJL
map_00037.png,NJWND
map_00038.png,T9LFR
map_00039.png,ETETY
map_00040.png,3YDKH
map_00041.png,NA7HR
map_00042.png,LAD4V
map_00043.png,W4PDT
map_00044.png,XWN97
map_00045.png,J3PPJ
map_00046.png,KNVJV
map_00047.png,WPM7L
map_00048.png,JJXXC
map_00049.png,UNHLW
map_00050.png,A44DD
map_00051.png,DLTDY
map_00052.png,9HF7J
map_00053.png,RLRWV
map_00054.png,L9UXH
map_00055.png,7KAM4
map_00056.png,NHCRL
map_00057.png,TU9KU
map_00058.png,3349V
map_00059.png,CJRAN
map_00060.png,AEQHX
map_00061.png,TV4NL
map_00062.png,DRJXH
map_00063.png,3TNDJ
map_00064.png,CKPLF
map_00065.png,VHMLW
map_00066.png,JAWFR
map_00067.png,VV3KW
map_00068.png,XRNXX
map_00069.png,HEWAK
map_00070.png,VTCM3
map_00071.png,HLU9A
map_00072.png,WPKPU
map_00073.png,CCRWD
map_00074.png,VTCKD
map_00075.png,7933W
map_00076.png,3994F
map_00077.png,VMPNC
map_00078.png,HLJHK
map_00079.png,PEEHH
map_00080.png,YEREM
map_00081.png,LDNVU
map_00082.png,XYPFE
map_00083.png,9MWXK
map_00084.png,XP3P7
map_00085.png,WWQ47
map_00086.png,WF94J
map_00087.png,F4JR4
map_00088.png,MXWPN
map_00089.png,HFJ3E
map_00090.png,TXM99
map_00091.png,KTKUM
map_00092.png,ARMUK
map_00093.png,YRRCD
map_00094.png,PYCRU
map_00095.png,3PR93
map_00096.png,C333K
map_00097.png,QCYN3
map_00098.png,JKWCE
map_00099.png,4R7NU
map_00100.png,MWJJW
map_00101.png,URQEU
map_00102.png,94JEP
map_00103.png,FPRLK
map_00104.png,VNR4Y
map_00105.png,HL4FD
map_00106.png,3DNYN
map_00107.png,MDFVM
map_00108.png,FYU3H
map_00109.png,WQCLC
map_00110.png,A3F4P
map_00111.png,CL3PL
map_00112.png,UWXRH
map_00113.png,LD9QJ
map_00114.png,UVHXJ
map_00115.png,MFEUN
map_00116.png,REDXP
map_00117.png,Q7RFU
map_00118.png,HFEXA
map_00119.png,P3YNT
map_00120.png,FK3VA
map_00121.png,M4FYK
map_00122.png,MCKNQ
map_00123.png,MLNDL
map_00124.png,994AY
map_00125.png,UK3XN
map_00126.png,43KPX
map_00127.png,9PR44
map_00128.png,PCRRM
map_00129.png,YXENX
map_00130.png,LCHWL
map_00131.png,9UMHX
map_00132.png,YXETJ
map_00133.png,ML3J9
map_00134.png,HPKQC
map_00135.png,RMKXT
map_00136.png,KERKC
map_00137.png,CDDLD
map_00138.png,KKQJY
map_00139.png,TDYPE
map_00140.png,YRCX9
map_00141.png,QNTHF
map_00142.png,KEREA
map_00143.png,NVDTQ
map_00144.png,ANKTK
map_00145.png,PLJ9F
map_00146.png,LCM49
map_00147.png,NJEDE
map_00148.png,KQ443
map_00149.png,AJ4WK
map_00150.png,L7Q7A
map_00151.png,NFAMU
map_00152.png,9FXF4
map_00153.png,4VVJ3
map_00154.png,UEP7W
map_00155.png,EVYEQ
map_00156.png,TKD9V
map_00157.png,DC7WP
map_00158.png,9KH7T
map_00159.png,FAPCF
map_00160.png,7HFH3
map_00161.png,XP9R9
map_00162.png,AT4CJ
map_00163.png,7D7QJ
map_00164.png,TAJEQ
map_00165.png,HHKMX
map_00166.png,FENEP
map_00167.png,CL7H7
map_00168.png,VJ7AW
map_00169.png,P9XWY
map_00170.png,WD97C
map_00171.png,LK9VT
map_00172.png,4TCYW
map_00173.png,QLN7N
map_00174.png,XH7L3
map_00175.png,QHTLJ
map_00176.png,V3DCN
map_00177.png,ECAQV
map_00178.png,7Q9WX
map_00179.png,EJQK4
map_00180.png,FRRHQ
map_00181.png,AUT4Y
map_00182.png,WF4TR
map_00183.png,4QMA9
map_00184.png,7H7AL
map_00185.png,NN7Y3
map_00186.png,N7FUN
map_00187.png,V9NLU
map_00188.png,HPP4L
map_00189.png,P4RCU
map_00190.png,CDCW7
map_00191.png,43HVP
map_00192.png,DYMHV
map_00193.png,WNQAV
map_00194.png,JVY4P
map_00195.png,LEAHR
map_00196.png,QWWX3
map_00197.png,3A4VA
map_00198.png,FLEUE
map_00199.png,QMHWA
map_00200.png,VR7LE
map_00201.png,CANYL
map_00202.png,RL3WN
map_00203.png,QF7WK
map_00204.png,HW9LN
map_00205.png,FF794
map_00206.png,YYL3H
map_00207.png,7NUE4
map_00208.png,M33XH
map_00209.png,KWQKL
map_00210.png,LRUYV
map_00211.png,Y7LLX
map_00212.png,W3LDW
map_00213.png,4QUQH
map_00214.png,CRKYC
map_00215.png,ACHTC
map_00216.png,AJEXD
map_00217.png,JCAE7
map_00218.png,TUETR
map_00219.png,AYVEK
map_00220.png,M37P9
map_00221.png,LXMTQ
map_00222.png,PLU9V
map_00223.png,XCTCJ
map_00224.png,YX4YH
map_00225.png,CQ4K3
map_00226.png,QD7FL
map_00227.png,EE9TV
map_00228.png,9XJWH
map_00229.png,JHNEC
map_00230.png,RFENM
map_00231.png,9KHMU
map_00232.png,E3QPD
map_00233.png,W7HKT
map_00234.png,LCHFM
map_00235.png,KUTLU
map_00236.png,434UM
map_00237.png,EYKL4
map_00238.png,W7FCN
map_00239.png,4F9DU
map_00240.png,XCXJQ
map_00241.png,XPP9K
map_00242.png,NDP7T
map_00243.png,NMRRC
map_00244.png,MJXMH
map_00245.png,P4HNY
map_00246.png,9KLL3
map_00247.png,VWCEQ
map_00248.png,E4TMJ
map_00249.png,TRYMQ
map_00250.png,UAF7E
map_00251.png,J3Q7X
map_00252.png,HYH74
map_00253.png,KP9PN
map_00254.png,K3RV4
map_00255.png,DKEAL
map_00256.png,DWXTF
map_00257.png,PQUNX
map_00258.png,LTHHA
map_00259.png,JWRKK
map_00260.png,A7EDF
map_00261.png,AC7XV
map_00262.png,VNNCC
map_00263.png,UHWXP
map_00264.png,REDLM
map_00265.png,KNVAN
map_00266.png,REMQK
map_00267.png,V34EE
map_00268.png,WHNUR
map_00269.png,UW3LE
map_00270.png,XQLK7
map_00271.png,JX9LD
map_00272.png,PFN4K
map_00273.png,C49ET
map_00274.png,PQNHW
map_00275.png,C7RPT
map_00276.png,LAN3T
map_00277.png,YQU4V
map_00278.png,VJDVN
map_00279.png,YEHET
map_00280.png,RVVQN
map_00281.png,L9VYC
map_00282.png,EFJJ7
map_00283.png,WMVEL
map_00284.png,AR9JW
map_00285.png,PLNE4
map_00286.png,UDYEU
map_00287.png,PNQYC
map_00288.png,TUHV4
map_00289.png,HNKCX
map_00290.png,T4XFV
map_00291.png,NMHNC
map_00292.png,XLPCH
map_00293.png,KHT3P
map_00294.png,PFWEJ
map_00295.png,WKMTM
map_00296.png,DVVUD
map_00297.png,AAVLV
map_00298.png,FJKWN
map_00299.png,WACNT
map_00300.png,YMH7J
map_00301.png,AYAUW
map_00302.png,ARWKM
map_00303.png,QUED3
map_00304.png,U99TU
map_00305.png,JDKKX
map_00306.png,MVE9C
map_00307.png,HUDNQ
map_00308.png,J7N9M
map_00309.png,9XYPJ
map_00310.png,UHLUW
map_00311.png,XYREM
map_00312.png,3EPUX
map_00313.png,39MMA
map_00314.png,WWRYM
map_00315.png,7YKHC
map_00316.png,J4C3F
map_00317.png,PDHMD
map_00318.png,KEHFR
map_00319.png,VA7M7
map_00320.png,FR9XY
map_00321.png,34FH3
map_00322.png,JPKWV
map_00323.png,FVC3T
map_00324.png,3C9KM
map_00325.png,MC3WW
map_00326.png,KAEAX
map_00327.png,HV9KT
map_00328.png,HE49M
map_00329.png,N4NLR
map_00330.png,M7PL3
map_00331.png,MXEPJ
map_00332.png,CR933
map_00333.png,PL44X
map_00334.png,QCRU9
map_00335.png,NTMKR
map_00336.png,TPN3U
map_00337.png,KWAEW
map_00338.png,YTR3Q
map_00339.png,4RDFE
map_00340.png,LEXTX
map_00341.png,QXFAY
map_00342.png,37NHQ
map_00343.png,3RV79
map_00344.png,KK3NW
map_00345.png,94E43
map_00346.png,7RCUY
map_00347.png,7PJF9
map_00348.png,XTV7A
map_00349.png,3XD9E
map_00350.png,LTJVQ
map_00351.png,LHAYW
map_00352.png,MF9YN
map_00353.png,E3MMF
map_00354.png,QHUW4
map_00355.png,VP4Y3
map_00356.png,RXFCX
map_00357.png,VUD3X
map_00358.png,4DADN
map_00359.png,4QT4Q
map_00360.png,7C4XC
map_00361.png,4FKJQ
map_00362.png,ERJVM
map_00363.png,KML9C
map_00364.png,JJDPR
map_00365.png,JVCLL
map_00366.png,7UXPU
map_00367.png,ADATR
map_00368.png,Y93P4
map_00369.png,CAQEN
map_00370.png,H9EDQ
map_00371.png,DEKWE
map_00372.png,NFKXH
map_00373.png,PCQMK
map_00374.png,LTDK9
map_00375.png,FJYRD
map_00376.png,JVDYC
map_00377.png,CYJW4
map_00378.png,QUUUE
map_00379.png,JHQRR
map_00380.png,VM7VY
map_00381.png,N7PW9
map_00382.png,LA9DW
map_00383.png,CDTXE
map_00384.png,JC3YM
map_00385.png,TNXK4
map_00386.png,E3W99
map_00387.png,HVNLV
map_00388.png,3VXMN
map_00389.png,73XK7
map_00390.png,CKU33
map_00391.png,YFMT4
map_00392.png,33FYN
map_00393.png,XK4KE
map_00394.png,4YFLN
map_00395.png,WVHHD
map_00396.png,WADLT
map_00397.png,KJ7FR
map_00398.png,9P7FJ
map_00399.png,RLQKV
map_00400.png,KEQM7
map_00401.png,RYX3R
map_00402.png,UTXAN
map_00403.png,JLRKV
map_00404.png,JF9HD
map_00405.png,NT4J7
map_00406.png,E7JW7
map_00407.png,WWRJV
map_00408.png,EJDXH
map_00409.png,NYFWW
map_00410.png,FHVHN
map_00411.png,CD7LV
map_00412.png,WUDHW
map_00413.png,WJ4MT
map_00414.png,3A3LN
map_00415.png,HJWRT
map_00416.png,UCUEC
map_00417.png,94LRD
map_00418.png,TDM7W
map_00419.png,YVX34
map_00420.png,KN377
map_00421.png,ATX3U
map_00422.png,KMUE9
map_00423.png,KHUQ9
map_00424.png,QUN4T
map_00425.png,LEJQR
map_00426.png,YUCJY
map_00427.png,3VA43
map_00428.png,KJEQF
map_00429.png,MMJQA
map_00430.png,LMELF
map_00431.png,7APJH
map_00432.png,3QWNN
map_00433.png,EMYVP
map_00434.png,3DHMW
map_00435.png,CLHCH
map_00436.png,XLMKT
map_00437.png,PDNTC
map_00438.png,E4LQX
map_00439.png,43UMA
map_00440.png,97KEC
map_00441.png,DD3P7
map_00442.png,U99K4
map_00443.png,RPHDL
map_00444.png,QYYFH
map_00445.png,HPJKW
map_00446.png,4MU3V
map_00447.png,NUC3L
map_00448.png,TJNH9
map_00449.png,U374R
map_00450.png,PJCX9
map_00451.png,9NN9U
map_00452.png,NHTWQ
map_00453.png,XK3KM
map_00454.png,P39L7
map_00455.png,DE47J
map_00456.png,4UVN9
map_00457.png,NN9WC
map_00458.png,M9YRD
map_00459.png,E3AFQ
map_00460.png,FLME4
map_00461.png,RAPC7
map_00462.png,CMAUL
map_00463.png,ADF4H
map_00464.png,YKRPV
map_00465.png,X9YF4
map_00466.png,3QPFK
map_00467.png,99MUU
map_00468.png,LKENM
map_00469.png,XXAYV
map_00470.png,7MV44
map_00471.png,LDYEC
map_00472.png,WXA3M
map_00473.png,E9XHE
map_00474.png,PKDX4
map_00475.png,RJWHQ
map_00476.png,97WTA
map_00477.png,VHM9X
map_00478.png,LE3RQ
map_00479.png,7W9H3
map_00480.png,33WDJ
map_00481.png,YEMX4
map_00482.png,LWN9U
map_00483.png,FED3F
map_00484.png,4FCND
map_00485.png,KNCNP
map_00486.png,7WTKH
map_00487.png,NAMTP
map_00488.png,HREXQ
map_00489.png,R399A
map_00490.png,MXXKT
map_00491.png,FCPXC
map_00492.png,7R7A4
map_00493.png,LW7VV
map_00494.png,FLETN
map_00495.png,C4PMY
map_00496.png,9C34F
map_00497.png,UHVU9
map_00498.png,9CDFM
map_00499.png,XWR4A
map_00500.png,33JJP
map_00501.png,33MJL
map_00502.png,34HUT
map_00503.png,379NY
map_00504.png,39LFW
map_00505.png,3CDNL
map_00506.png,3J7ET
map_00507.png,3UPJ3
map_00508.png,3WWLM
map_00509.png,49YAQ
map_00510.png,4FLQ3
map_00511.png,4FTJQ
map_00512.png,4U3CR
map_00513.png,4VTQL
map_00514.png,4X7YW
map_00515.png,73M4C
map_00516.png,74RMF
map_00517.png,7QVWH
map_00518.png,7RACF
map_00519.png,7UAUC
map_00520.png,7V3RJ
map_00521.png,9A3DX
map_00522.png,9DVXK
map_00523.png,9RHRH
map_00524.png,9UYQJ
map_00525.png,9YHRJ
map_00526.png,A77PQ
map_00527.png,A9D43
map_00528.png,AAEYR
map_00529.png,ACJMW
map_00530.png,APEAQ
map_00531.png,AWUAF
map_00532.png,C7UYA
map_00533.png,C93XJ
map_00534.png,CFPWE
map_00535.png,CFUUD
map_00536.png,CKPJ3
map_00537.png,CRJAP
map_00538.png,CRNRH
map_00539.png,D4VYK
map_00540.png,D7D7J
map_00541.png,D94LM
map_00542.png,DHMEC
map_00543.png,DRFKU
map_00544.png,DVJ9W
map_00545.png,E37KY
map_00546.png,EEMRL
map_00547.png,FEYEU
map_00548.png,HATJ9
map_00549.png,HDNND
map_00550.png,HFF3W
map_00551.png,HKQND
map_00552.png,HP7U7
map_00553.png,J9T44
map_00554.png,JCHQ4
map_00555.png,JDCTF
map_00556.png,JHU4L
map_00557.png,JJCTH
map_00558.png,JL9EU
map_00559.png,JMY3Y
map_00560.png,JRNDN
map_00561.png,JUKHX
map_00562.png,KD77F
map_00563.png,KEFDQ
map_00564.png,KJEJM
map_00565.png,KJHNW
map_00566.png,KLVWD
map_00567.png,KVVRJ
map_00568.png,L34RD
map_00569.png,L4XKM
map_00570.png,LAJAR
map_00571.png,LDKXA
map_00572.png,LNQQJ
map_00573.png,M7MYD
map_00574.png,M99TE
map_00575.png,MF4LQ
map_00576.png,MKLP7
map_00577.png,MKRDK
map_00578.png,MLYVX
map_00579.png,MPMVW
map_00580.png,MPXY7
map_00581.png,MQ4M4
map_00582.png,N3K3T
map_00583.png,N9HCJ
map_00584.png,NDX34
map_00585.png,NFX39
map_00586.png,NMQFV
map_00587.png,NXUE7
map_00588.png,PNFXQ
map_00589.png,PPADC
map_00590.png,PXFRC
map_00591.png,PXPHF
map_00592.png,QA4UQ
map_00593.png,QAX94
map_00594.png,QD9UL
map_00595.png,QLNJH
map_00596.png,QQMUQ
map_00597.png,R3TWN
map_00598.png,RJXYD
map_00599.png,RM44V
map_00600.png,RXJ9F
map_00601.png,RYF7J
map_00602.png,RYHUV
map_00603.png,T3HQU
map_00604.png,TLTJT
map_00605.png,TPW7Y
map_00606.png,TUQHW
map_00607.png,U4DKV
map_00608.png,UDDQJ
map_00609.png,UVKYV
map_00610.png,V3KUM
map_00611.png,V3P74
map_00612.png,V4TDX
map_00613.png,V9ACQ
map_00614.png,VFCR4
map_00615.png,VPJX4
map_00616.png,VTWJ7
map_00617.png,VVNVC
map_00618.png,VX4HV
map_00619.png,W4ULU
map_00620.png,WDWJL
map_00621.png,WKVRC
map_00622.png,WPHTM
map_00623.png,WR7FJ
map_00624.png,WRLU4
map_00625.png,WYRKD
map_00626.png,X4RQ4
map_00627.png,X7WKR
map_00628.png,XAH3L
map_00629.png,XCAHH
map_00630.png,XLJYX
map_00631.png,XN3JK
map_00632.png,XNYDP
map_00633.png,XQ4D3
map_00634.png,XQH7X
map_00635.png,XQV7Y
map_00636.png,XT4RU
map_00637.png,XW7PR
map_00638.png,XWEAD
map_00639.png,XWJ3C
map_00640.png,YAL3R
map_00641.png,YHVUE
map_00642.png,YJC4C
map_00643.png,YKYFN
map_00644.png,YMUUN
map_00645.png,YUHUP
map_00646.png,YVEUW
map_00647.png,YXVPP
map_00648.png,3ECMQ
map_00649.png,3QMT3
map_00650.png,3RVAQ
map_00651.png,44XK4
map_00652.png,497EK
map_00653.png,4F4KR
map_00654.png,7DH7A
map_00655.png,7FJXY
map_00656.png,7FMQX
map_00657.png,7PYXX
map_00658.png,7XNWM
map_00659.png,94LL4
map_00660.png,99PLM
map_00661.png,9YRPW
map_00662.png,ANKH4
map_00663.png,D3JUN
map_00664.png,D4KUK
map_00665.png,DWXMP
map_00666.png,F7QWP
map_00667.png,FLDNV
map_00668.png,FRCNM
map_00669.png,FXTDJ
map_00670.png,H7JNQ
map_00671.png,HDM7X
map_00672.png,HLE9P
map_00673.png,HNY9A
map_00674.png,HNYDL
map_00675.png,HVMD7
map_00676.png,J4MRX
map_00677.png,JDVPP
map_00678.png,JTRCR
map_00679.png,KN7RV
map_00680.png,KXDTA
map_00681.png,LAMCY
map_00682.png,LCV3Q
map_00683.png,LE9PN
map_00684.png,ME3AC
map_00685.png,MK3TF
map_00686.png,MWT43
map_00687.png,MYY3Y
map_00688.png,NVU3U
map_00689.png,NVVHF
map_00690.png,P4DL9
map_00691.png,PDNHK
map_00692.png,PJD44
map_00693.png,PNKE4
map_00694.png,QHPEC
map_00695.png,RAC4Y
map_00696.png,TDTJT
map_00697.png,TLFCH
map_00698.png,TT7XT
map_00699.png,UCYEQ
map_00700.png,UMEKR
map_00701.png,VVQVM
map_00702.png,XDKNN
map_00703.png,XJVFC
map_00704.png,XLK4D
map_00705.png,XNLTH
map_00706.png,XPD4W
map_00707.png,XUMR3
map_00708.png,Y7HQY
map_00709.png,YVRHW
map_00710.png,3J3QP
map_00711.png,43KCE
map_00712.png,7LADU
map_00713.png,94D9W
map_00714.png,9YCDF
map_00715.png,ALKM9
map_00716.png,AUWDN
map_00717.png,EHPNC
map_00718.png,FAY9W
map_00719.png,FUDJE
map_00720.png,HAPHP
map_00721.png,JTRPN
map_00722.png,KV7W9
map_00723.png,LCFRH
map_00724.png,M3JJP
map_00725.png,MTLJH
map_00726.png,N7RDA
map_00727.png,P97NE
map_00728.png,PDAFE
map_00729.png,PXK79
map_00730.png,PXTLX
map_00731.png,PYP9X
map_00732.png,QJK9P
map_00733.png,TKQPM
map_00734.png,U377X
map_00735.png,VQFMM
map_00736.png,XFHL9
map_00737.png,XWJWN
map_00738.png,YAFYP
map_00739.png,YRVM3
map_00740.png,49PMD
map_00741.png,ADX9R
map_00742.png,AHDLW
map_00743.png,FERPN
map_00744.png,LKTNA
map_00745.png,TJUD4
map_00746.png,34WNW
map_00747.png,3JPVF
map_00748.png,4NW4P
map_00749.png,4YURA
map_00750.png,74NPJ
map_00751.png,79A4D
map_00752.png,7K9YE
map_00753.png,7TWMY
map_00754.png,94UWQ
map_00755.png,974WM
map_00756.png,9EQXJ
map_00757.png,9PQUJ
map_00758.png,9TUN7
map_00759.png,9VFNU
map_00760.png,CAW4P
map_00761.png,CKPEJ
map_00762.png,CQMYK
map_00763.png,CTTDJ
map_00764.png,DA74X
map_00765.png,DKMRF
map_00766.png,DM4EV
map_00767.png,EXQFU
map_00768.png,F3KLW
map_00769.png,F7KYW
map_00770.png,FDCWA
map_00771.png,FM3MV
map_00772.png,HCX34
map_00773.png,JXYL7
map_00774.png,K3KQK
map_00775.png,K4DQK
map_00776.png,KHLJA
map_00777.png,L3EPL
map_00778.png,L497Q
map_00779.png,L4TE7
map_00780.png,LCKNR
map_00781.png,LE3DN
map_00782.png,LHKJ3
map_00783.png,LK7XJ
map_00784.png,LPX43
map_00785.png,LQFHM
map_00786.png,M4PEE
map_00787.png,MTUX3
map_00788.png,N9RHW
map_00789.png,NJUF9
map_00790.png,NKL7X
map_00791.png,NUAJT
map_00792.png,NWJYH
map_00793.png,PKEJL
map_00794.png,PW9MC
map_00795.png,PWN4J
map_00796.png,PWRXV
map_00797.png,PYEN9
map_00798.png,QCN3P
map_00799.png,QQFQW
map_00800.png,RD7YC
map_00801.png,RDKHV
map_00802.png,REUPH
map_00803.png,RN4P4
map_00804.png,T7UK4
map_00805.png,T9W7Y
map_00806.png,TWMAL
map_00807.png,UFCWW
map_00808.png,UHAL9
map_00809.png,UMEKE
map_00810.png,UUMJ4
map_00811.png,VCPAD
map_00812.png,VPWNY
map_00813.png,VR3M4
map_00814.png,VTNYL
map_00815.png,WNCRC
map_00816.png,WXUJM
map_00817.png,X3XVN
map_00818.png,Y44MR
map_00819.png,YCCQ4
map_00820.png,37KFN
map_00821.png,37X7P
map_00822.png,3DHVF
map_00823.png,3QEWX
map_00824.png,3WE7C
map_00825.png,4R4XJ
map_00826.png,4UPJ4
map_00827.png,4XXPM
map_00828.png,74HLE
map_00829.png,79XMM
map_00830.png,7ECX7
map_00831.png,7HKDA
map_00832.png,7JFPK
map_00833.png,7KDXP
map_00834.png,7M4CC
map_00835.png,7RJHM
map_00836.png,7X3CQ
map_00837.png,9CJU3
map_00838.png,9DYHL
map_00839.png,9NVCM
map_00840.png,9QTTH
map_00841.png,9RKVQ
map_00842.png,A3KDX
map_00843.png,A9VD7
map_00844.png,AATYM
map_00845.png,ATMRJ
map_00846.png,C3KHF
map_00847.png,CAX4X
map_00848.png,CCWLA
map_00849.png,CEQCQ
map_00850.png,CXXJF
map_00851.png,D4PFF
map_00852.png,D9LP4
map_00853.png,DJNR9
map_00854.png,DVQF4
map_00855.png,EACYY
map_00856.png,ETVEH
map_00857.png,F4UML
map_00858.png,F79DA
map_00859.png,FF9CL
map_00860.png,FLUVH
map_00861.png,FQR9W
map_00862.png,FT9JC
map_00863.png,FX4AN
map_00864.png,FXEP7
map_00865.png,FYQQT
map_00866.png,H9LAW
map_00867.png,HCMN4
map_00868.png,HMT7J
map_00869.png,HPAR3
map_00870.png,HRJER
map_00871.png,HW33F
map_00872.png,J4YPE
map_00873.png,J7AYT
map_00874.png,J9FPX
map_00875.png,JHX33
map_00876.png,JKF3Y
map_00877.png,JNWXV
map_00878.png,JU9ER
map_00879.png,JWUAM
map_00880.png,JYKVV
map_00881.png,JYXTH
map_00882.png,KC3WP
map_00883.png,KC43E
map_00884.png,KLU4P
map_00885.png,KTXLX
map_00886.png,KWTJE
map_00887.png,KX7YQ
map_00888.png,L3WEF
map_00889.png,LFCX7
map_00890.png,LP4NM
map_00891.png,M9L7F
map_00892.png,MCVYH
map_00893.png,MHA3Y
map_00894.png,MMCVR
map_00895.png,MRRQ4
map_00896.png,MUJEF
map_00897.png,MYJ4F
map_00898.png,N4LL4
map_00899.png,N7YM4
map_00900.png,NUM94
map_00901.png,NVW9A
map_00902.png,P3KVC
map_00903.png,P7PDA
map_00904.png,PDCVW
map_00905.png,PEV7J
map_00906.png,PEVMU
map_00907.png,PHPLU
map_00908.png,PME33
map_00909.png,PTRPC
map_00910.png,Q9YQD
map_00911.png,QA3QN
map_00912.png,QJ3E4
map_00913.png,QMFMP
map_00914.png,QY9FC
map_00915.png,R3FD9
map_00916.png,R49TF
map_00917.png,RHXPL
map_00918.png,RNYU3
map_00919.png,RPD4W
map_00920.png,RPXNX
map_00921.png,RRXUK
map_00922.png,RYF4Q
map_00923.png,TCK3F
map_00924.png,THPKJ
map_00925.png,TMCW3
map_00926.png,TPNJU
map_00927.png,TTWUD
map_00928.png,TUXYM
map_00929.png,TXJA4
map_00930.png,TYUYA
map_00931.png,U3J3J
map_00932.png,U4FPC
map_00933.png,U94C3
map_00934.png,U9P7P
map_00935.png,UJNXJ
map_00936.png,UJPFU
map_00937.png,UNPMM
map_00938.png,URAWE
map_00939.png,URN3D
map_00940.png,V4ADL
map_00941.png,V4DVH
map_00942.png,VFE3R
map_00943.png,VRC99
map_00944.png,WUXHE
map_00945.png,WVJQT
map_00946.png,X33L7
map_00947.png,X4PXY
map_00948.png,XMXDX
map_00949.png,XT3AY
map_00950.png,Y9H7P
map_00951.png,Y9VYC
map_00952.png,YARNW
map_00953.png,YDKHL
map_00954.png,YENJH
map_00955.png,YJEEW
map_00956.png,YXCNT
map_00957.png,33YLK
map_00958.png,37KRN
map_00959.png,37RCL
map_00960.png,37WPN
map_00961.png,3CYAM
map_00962.png,3ERJP
map_00963.png,3HTPC
map_00964.png,3KP3A
map_00965.png,3LM37
map_00966.png,3TH7L
map_00967.png,3TLXP
map_00968.png,3VDVQ
map_00969.png,3WDE3
map_00970.png,3WFND
map_00971.png,3WTW4
map_00972.png,434RW
map_00973.png,43R4Y
map_00974.png,499PV
map_00975.png,4APQC
map_00976.png,4DNLM
map_00977.png,4ETDC
map_00978.png,4F4UP
map_00979.png,4FDXT
map_00980.png,4HHHK
map_00981.png,4KVDP
map_00982.png,4MXMM
map_00983.png,4NYDU
map_00984.png,4UKLF
map_00985.png,4UUYM
map_00986.png,4VV7Q
map_00987.png,737TJ
map_00988.png,73EC7
map_00989.png,73VVT
map_00990.png,74CHK
map_00991.png,79FR3
map_00992.png,79TDK
map_00993.png,7AWUN
map_00994.png,7CKMC
map_00995.png,7CQY7
map_00996.png,7EAYV
map_00997.png,7EFAD
map_00998.png,7HHXM
map_00999.png,7HWPA
map_01000.png,7JCCY
map_01001.png,7KD3P
map_01002.png,7LVNA
map_01003.png,7LWPE
map_01004.png,7LX3L
map_01005.png,7M7CE
map_01006.png,7NW3X
map_01007.png,7PDAL
map_01008.png,7PR39
map_01009.png,7XPPM
map_01010.png,943NK
map_01011.png,94P9J
map_01012.png,99ATL
map_01013.png,9A3AV
map_01014.png,9AJFD
map_01015.png,9CYND
map_01016.png,9EHTR
map_01017.png,9FUPX
map_01018.png,9H9UX
map_01019.png,9L799
map_01020.png,9LHAT
map_01021.png,9M7AK
map_01022.png,9MRDN
map_01023.png,9MXDW
map_01024.png,9N39V
map_01025.png,9NXPJ
map_01026.png,9RWAM
map_01027.png,9T4C9
map_01028.png,9TXU9
map_01029.png,9U3J9
map_01030.png,9U7UD
map_01031.png,9UQQM
map_01032.png,9UWR4
map_01033.png,9V4H7
map_01034.png,9VCUT
map_01035.png,9WDRA
map_01036.png,9WQQE
map_01037.png,9WTFN
map_01038.png,9XCWN
map_01039.png,9YMTJ
map_01040.png,9YYLT
map_01041.png,A33EW
map_01042.png,A4DMM
map_01043.png,A4JUK
map_01044.png,A77EJ
map_01045.png,A7A9N
map_01046.png,A7WNF
map_01047.png,A9UYW
map_01048.png,AAYLU
map_01049.png,AEQ7N
map_01050.png,AEWFA
map_01051.png,AH37E
map_01052.png,AH3L4
map_01053.png,AHXHN
map_01054.png,AKCX7
map_01055.png,AKD3X
map_01056.png,AMKEX
map_01057.png,AMLFJ
map_01058.png,AQMXV
map_01059.png,ARC9Y
map_01060.png,ATCMN
map_01061.png,AU9EQ
map_01062.png,AVC7A
map_01063.png,AVJNM
map_01064.png,C3URA
map_01065.png,C4UMQ
map_01066.png,CARQX
map_01067.png,CCJ4C
map_01068.png,CD37T
map_01069.png,CEXQJ
map_01070.png,CF3MK
map_01071.png,CFNFF
map_01072.png,CJLYF
map_01073.png,CKCPA
map_01074.png,CKL4M
map_01075.png,CKTTW
map_01076.png,CLCAY
map_01077.png,CLCX7
map_01078.png,CLLTM
map_01079.png,CLRHY
map_01080.png,CM79J
map_01081.png,CNXLJ
map_01082.png,CPLKX
map_01083.png,CQ9LQ
map_01084.png,CQAL7
map_01085.png,CRWAV
map_01086.png,CU4A9
map_01087.png,CVXPE
map_01088.png,CW7VE
map_01089.png,CW9TN
map_01090.png,CYLJE
map_01091.png,D3XME
map_01092.png,DAKDK
map_01093.png,DCHCY
map_01094.png,DCME4
map_01095.png,DDNV9
map_01096.png,DEH97
map_01097.png,DEM39
map_01098.png,DPNNU
map_01099.png,DQR4X
map_01100.png,DQTTC
map_01101.png,DQYUM
map_01102.png,DRN3E
map_01103.png,DU7CE
map_01104.png,E3A7D
map_01105.png,E4AHW
map_01106.png,E4KXK
map_01107.png,E4PPF
map_01108.png,E4VCW
map_01109.png,E9NH9
map_01110.png,EALC9
map_01111.png,ECAFR
map_01112.png,ECMMT
map_01113.png,EF3EM
map_01114.png,EFW4Q
map_01115.png,EJ4MN
map_01116.png,EJCAX
map_01117.png,EK3L9
map_01118.png,EKF4J
map_01119.png,EU4Q7
map_01120.png,EU9DH
map_01121.png,EUWPD
map_01122.png,EWFNV
map_01123.png,EXKDR
map_01124.png,EXTJX
map_01125.png,EY49Y
map_01126.png,F37WY
map_01127.png,F3V49
map_01128.png,F4949
map_01129.png,F4ACJ
map_01130.png,F4MJL
map_01131.png,F9JYY
map_01132.png,F9KVY
map_01133.png,FAAWH
map_01134.png,FACNX
map_01135.png,FCHK9
map_01136.png,FFLRW
map_01137.png,FFUEW
map_01138.png,FH7MM
map_01139.png,FKU3F
map_01140.png,FLMHT
map_01141.png,FMDU3
map_01142.png,FMHQM
map_01143.png,FMUYW
map_01144.png,FNY4P
map_01145.png,FPDRM
map_01146.png,FU9TF
map_01147.png,FV73A
map_01148.png,FVLQJ
map_01149.png,FXH4M
map_01150.png,FXXRM
map_01151.png,FYLHD
map_01152.png,H44LE
map_01153.png,H7EPE
map_01154.png,HAPDU
map_01155.png,HC4UH
map_01156.png,HCCTN
map_01157.png,HCED4
map_01158.png,HDPFX
map_01159.png,HENCF
map_01160.png,HEV9U
map_01161.png,HHPQK
map_01162.png,HJJ7U
map_01163.png,HLAM9
map_01164.png,HPDQL
map_01165.png,HPRNE
map_01166.png,HQ7NL
map_01167.png,HQ7NL
map_01168.png,HRHM9
map_01169.png,HRLRC
map_01170.png,HTJWN
map_01171.png,HUJEL
map_01172.png,HUNRQ
map_01173.png,HV9PY
map_01174.png,HYCCD
map_01175.png,HYMQ7
map_01176.png,HYTQH
map_01177.png,HYWDD
map_01178.png,J33YV
map_01179.png,J39QN
map_01180.png,J7JU4
map_01181.png,J93P4
map_01182.png,JAXNK
map_01183.png,JCTJA
map_01184.png,JD79H
map_01185.png,JDKYR
map_01186.png,JH7CP
map_01187.png,JHAHJ
map_01188.png,JKXQK
map_01189.png,JL7EK
map_01190.png,JPKDQ
map_01191.png,JTMPM
map_01192.png,JVNWP
map_01193.png,JVXXW
map_01194.png,JXDTW
map_01195.png,JXUHQ
map_01196.png,K37X7
map_01197.png,K3DKJ
map_01198.png,K7E73
map_01199.png,KAJDU
map_01200.png,KAY77
map_01201.png,KHVRK
map_01202.png,KJQPK
map_01203.png,KJT7C
map_01204.png,KJXNW
map_01205.png,KLNH4
map_01206.png,KLRQX
map_01207.png,KPWJE
map_01208.png,KU94T
map_01209.png,KUAHU
map_01210.png,KUTDK
map_01211.png,KW9QT
map_01212.png,KWWJ7
map_01213.png,KX4RD
map_01214.png,KYLVT
map_01215.png,L34RL
map_01216.png,L3NKD
map_01217.png,L7EQW
map_01218.png,L7F37
map_01219.png,L9W7F
map_01220.png,LDAHM
map_01221.png,LDHH4
map_01222.png,LDUMH
map_01223.png,LFWV4
map_01224.png,LJADE
map_01225.png,LJDN3
map_01226.png,LJNFQ
map_01227.png,LLLE9
map_01228.png,LPFVP
map_01229.png,LPFY3
map_01230.png,LQFQU
map_01231.png,LQTJ7
map_01232.png,LR9C9
map_01233.png,LRW79
map_01234.png,LWEND
map_01235.png,LXRDQ
map_01236.png,LY7FW
map_01237.png,LYVVC
map_01238.png,M3YKJ
map_01239.png,M4V7U
map_01240.png,M7AU7
map_01241.png,MCNLF
map_01242.png,MCUVV
map_01243.png,MDCTP
map_01244.png,MDDKA
map_01245.png,MDJEC
map_01246.png,MEAWN
map_01247.png,MEDRN
map_01248.png,MHNJL
map_01249.png,MHVTM
map_01250.png,MHXR9
map_01251.png,MJ9TL
map_01252.png,MLKPJ
map_01253.png,MN33L
map_01254.png,MRMJC
map_01255.png,MRVEA
map_01256.png,MTHMP
map_01257.png,MTXFD
map_01258.png,MUYWQ
map_01259.png,MXJTJ
map_01260.png,MYXJM
map_01261.png,N47AE
map_01262.png,N49Q9
map_01263.png,N7N37
map_01264.png,NAMCV
map_01265.png,NCD9K
map_01266.png,NELT4
map_01267.png,NEWNA
map_01268.png,NKJDU
map_01269.png,NLYJC
map_01270.png,NMNKM
map_01271.png,NMYP7
map_01272.png,NR3EX
map_01273.png,NRRUE
map_01274.png,NU3UQ
map_01275.png,NUAWQ
map_01276.png,NUEEH
map_01277.png,NUWTQ
map_01278.png,P3FPQ
map_01279.png,P4Y3V
map_01280.png,PCUC7
map_01281.png,PFM4W
map_01282.png,PHQTY
map_01283.png,PKDT4
map_01284.png,PMNMN
map_01285.png,PQDRF
map_01286.png,PQNNU
map_01287.png,PUE4K
map_01288.png,PUKD4
map_01289.png,PUQ4H
map_01290.png,PWECF
map_01291.png,PXVRY
map_01292.png,PXVTU
map_01293.png,PY3KR
map_01294.png,PYDAH
map_01295.png,Q3AYU
map_01296.png,Q4JW7
map_01297.png,Q4PQT
map_01298.png,Q4QTY
map_01299.png,Q9PE7
map_01300.png,QAC4H
map_01301.png,QAVKJ
map_01302.png,QDYEJ
map_01303.png,QHHHF
map_01304.png,QJPJV
map_01305.png,QJUUD
map_01306.png,QJXWU
map_01307.png,QK9EM
map_01308.png,QKDTD
map_01309.png,QKXX3
map_01310.png,QLVDC
map_01311.png,QNFP9
map_01312.png,QQ7PQ
map_01313.png,QQ7PQ
map_01314.png,QURT9
map_01315.png,QVJRX
map_01316.png,QYFWV
map_01317.png,R7FLY
map_01318.png,RCFHY
map_01319.png,RDLPX
map_01320.png,RDY4F
map_01321.png,REFJQ
map_01322.png,RLC3H
map_01323.png,RMCTM
map_01324.png,RNHPT
map_01325.png,RP3VU
map_01326.png,RPMXW
map_01327.png,RPNUL
map_01328.png,RQDK4
map_01329.png,RV3D3
map_01330.png,RWATD
map_01331.png,RWVJT
map_01332.png,RXQPA
map_01333.png,RXYFM
map_01334.png,RYYPL
map_01335.png,T47QQ
map_01336.png,T7KYC
map_01337.png,TAPC9
map_01338.png,TEHH4
map_01339.png,TF7CC
map_01340.png,TF99T
map_01341.png,TFAVJ
map_01342.png,TJKTA
map_01343.png,TJXFL
map_01344.png,TKQ3A
map_01345.png,TMHEP
map_01346.png,TPVLM
map_01347.png,TQNP4
map_01348.png,TQUJW
map_01349.png,TRUKL
map_01350.png,TRYKN
map_01351.png,TU7KM
map_01352.png,TUCRV
map_01353.png,TUPQU
map_01354.png,TW7NA
map_01355.png,TXCQX
map_01356.png,TY7MA
map_01357.png,U39RX
map_01358.png,U4HFM
map_01359.png,U9NQF
map_01360.png,UC3L7
map_01361.png,UDMRK
map_01362.png,UER7D
map_01363.png,UFMWX
map_01364.png,UJDCR
map_01365.png,UKDRR
map_01366.png,UKVHM
map_01367.png,UL3TU
map_01368.png,UNLQJ
map_01369.png,UP3RJ
map_01370.png,UPWJX
map_01371.png,UQ7XF
map_01372.png,UQV9Q
map_01373.png,UTLY7
map_01374.png,UWJWU
map_01375.png,UYAXP
map_01376.png,V3DJC
map_01377.png,V49QM
map_01378.png,V774W
map_01379.png,V94J3
map_01380.png,VH4C7
map_01381.png,VKJUL
map_01382.png,VLDJJ
map_01383.png,VLFCF
map_01384.png,VLXC3
map_01385.png,VMY9J
map_01386.png,VNDUD
map_01387.png,VNHRR
map_01388.png,VQKFR
map_01389.png,VQN7T
map_01390.png,VRPK3
map_01391.png,VTAJH
map_01392.png,VUV9K
map_01393.png,VWQCK
map_01394.png,W3Y77
map_01395.png,W99DE
map_01396.png,W9J3U
map_01397.png,WAT9U
map_01398.png,WAXTQ
map_01399.png,WCN9J
map_01400.png,WDTEH
map_01401.png,WE9P7
map_01402.png,WELC9
map_01403.png,WEPR7
map_01404.png,WERPV
map_01405.png,WF33U
map_01406.png,WFCJL
map_01407.png,WKKRP
map_01408.png,WKM7F
map_01409.png,WM3FM
map_01410.png,WP4XX
map_01411.png,WQ4RN
map_01412.png,WRPLV
map_01413.png,WTJAL
map_01414.png,WUDQ7
map_01415.png,WXRVV
map_01416.png,WXYEF
map_01417.png,X3LUE
map_01418.png,X474Y
map_01419.png,X7LFD
map_01420.png,X9WDL
map_01421.png,XCWFU
map_01422.png,XDLXF
map_01423.png,XFA7Q
map_01424.png,XH4UC
map_01425.png,XHQTN
map_01426.png,XJDMK
map_01427.png,XM9CF
map_01428.png,XMUJN
map_01429.png,XNETE
map_01430.png,XNLEE
map_01431.png,XNWXH
map_01432.png,XPRYJ
map_01433.png,XPRYJ
map_01434.png,XT93L
map_01435.png,XTXK9
map_01436.png,XUK77
map_01437.png,XWX7K
map_01438.png,Y34A3
map_01439.png,Y4JD3
map_01440.png,Y7HNQ
map_01441.png,Y7UFW
map_01442.png,Y9EAH
map_01443.png,Y9LDL
map_01444.png,YCXA4
map_01445.png,YF79N
map_01446.png,YFJ3A
map_01447.png,YH3DM
map_01448.png,YNEQD
map_01449.png,YPPRN
map_01450.png,YPPRN
map_01451.png,YQFUJ
map_01452.png,YQKLH
map_01453.png,YQWTN
map_01454.png,YR4QT
map_01455.png,YRPNK
map_01456.png,YTLYU
map_01457.png,YUWFW
map_01458.png,YVDMP
map_01459.png,YVRNJ
map_01460.png,YVWR3
map_01461.png,3CD7P
map_01462.png,3HQDL
map_01463.png,3KVVX
map_01464.png,3QQAN
map_01465.png,3TMHR
map_01466.png,43UX9
map_01467.png,74HHU
map_01468.png,79H4X
map_01469.png,7JLRU
map_01470.png,7KWLN
map_01471.png,7MHFD
map_01472.png,7NHR4
map_01473.png,7QLAQ
map_01474.png,7XHAT
map_01475.png,94HLY
map_01476.png,97R4K
map_01477.png,99HJL
map_01478.png,9NUDA
map_01479.png,9TDMK
map_01480.png,AEVE9
map_01481.png,AFTJH
map_01482.png,AKLC7
map_01483.png,AY3RV
map_01484.png,C3KL3
map_01485.png,C7VNA
map_01486.png,CXJTT
map_01487.png,D3YMQ
map_01488.png,DKY9R
map_01489.png,DNMQH
map_01490.png,E97TL
map_01491.png,EKHQX
map_01492.png,EKWCY
map_01493.png,EYMXY
map_01494.png,FD99Q
map_01495.png,H7FWC
map_01496.png,HPCQC
map_01497.png,HUUEC
map_01498.png,J9Y4M
map_01499.png,JJPPU
map_01500.png,JKXVJ
map_01501.png,JNF3P
map_01502.png,JNWWJ
map_01503.png,K3KCH
map_01504.png,LANNX
map_01505.png,LJYRL
map_01506.png,LLWNE
map_01507.png,LMVXE
map_01508.png,LN9RF
map_01509.png,LRFVP
map_01510.png,MDNFM
map_01511.png,MEQNC
map_01512.png,MFKYT
map_01513.png,MQTNF
map_01514.png,MVMCJ
map_01515.png,MY37J
map_01516.png,NFTDY
map_01517.png,NKRP7
map_01518.png,NV4VD
map_01519.png,P34T9
map_01520.png,P3WCQ
map_01521.png,PDXWQ
map_01522.png,PFAYY
map_01523.png,PLRQM
map_01524.png,Q9EQ9
map_01525.png,QAJ3J
map_01526.png,QAYC7
map_01527.png,QNR4L
map_01528.png,QREFJ
map_01529.png,RHDKR
map_01530.png,RQ3CH
map_01531.png,RWCQQ
map_01532.png,TJ7UA
map_01533.png,TKQ7C
map_01534.png,TQQLW
map_01535.png,TWLA4
map_01536.png,UFACL
map_01537.png,UFRME
map_01538.png,UHPF9
map_01539.png,UKQ9T
map_01540.png,UMYVL
map_01541.png,UXYXA
map_01542.png,VHTTY
map_01543.png,VW3JD
map_01544.png,WQ4E9
map_01545.png,WXDHU
map_01546.png,WYCLE
map_01547.png,X3FVH
map_01548.png,X7H7W
map_01549.png,XJLRA
map_01550.png,Y3LV3
map_01551.png,YJ4R3
map_01552.png,YPVVJ
map_01553.png,3M3EU
map_01554.png,3NNRN
map_01555.png,3TMTR
map_01556.png,4UQQR
map_01557.png,9JMHD
map_01558.png,AAED9
map_01559.png,CEXFJ
map_01560.png,CKLXK
map_01561.png,DJHDV
map_01562.png,F39JC
map_01563.png,FE74D
map_01564.png,FW4XX
map_01565.png,H9H9W
map_01566.png,HLLQT
map_01567.png,KEP9P
map_01568.png,LTFCD
map_01569.png,LXMTV
map_01570.png,M74UY
map_01571.png,MARDD
map_01572.png,MMHR3
map_01573.png,MXDAD
map_01574.png,N9XA4
map_01575.png,NYN7W
map_01576.png,RJF3H
map_01577.png,T3VWH
map_01578.png,VDDYF
map_01579.png,WFVER
map_01580.png,XQD4V
map_01581.png,7XMC9
map_01582.png,DERMM
map_01583.png,DUEMN
map_01584.png,F7FHH
map_01585.png,KQN74
map_01586.png,PAR3C
map_01587.png,UF4YK
map_01588.png,WMT7C
map_01589.png,39UDA
map_01590.png,3EXA4
map_01591.png,3PY3C
map_01592.png,3RW3T
map_01593.png,3VH7L
map_01594.png,4J3PE
map_01595.png,4JHLA
map_01596.png,4PX4V
map_01597.png,4QCYV
map_01598.png,743D4
map_01599.png,7JER3
map_01600.png,7NVUM
map_01601.png,7RL99
map_01602.png,7TRFU
map_01603.png,7V7W9
map_01604.png,9AFHW
map_01605.png,9F9MJ
map_01606.png,9K9PD
map_01607.png,9WX94
map_01608.png,9WXV7
map_01609.png,9XQJT
map_01610.png,9YLTH
map_01611.png,A4FYJ
map_01612.png,A4PVR
map_01613.png,A4UCM
map_01614.png,AERPR
map_01615.png,APUXC
map_01616.png,AUAUV
map_01617.png,AYEKP
map_01618.png,C4J4Y
map_01619.png,CARML
map_01620.png,CEQLL
map_01621.png,CETPA
map_01622.png,CHRRL
map_01623.png,CM34U
map_01624.png,CMEMT
map_01625.png,CUJPY
map_01626.png,CWCN9
map_01627.png,DFDTH
map_01628.png,DMK9H
map_01629.png,DNC4N
map_01630.png,DQRFE
map_01631.png,DTLNR
map_01632.png,E4NRK
map_01633.png,E7PK9
map_01634.png,ETMWL
map_01635.png,EXDTN
map_01636.png,FE3HA
map_01637.png,FHYLM
map_01638.png,FJDJQ
map_01639.png,FL7XJ
map_01640.png,FNT4V
map_01641.png,H3AFJ
map_01642.png,H744H
map_01643.png,HTCDD
map_01644.png,HY7FJ
map_01645.png,J47UU
map_01646.png,J7HJD
map_01647.png,JCRKW
map_01648.png,K3R4L
map_01649.png,KE3TQ
map_01650.png,L93YK
map_01651.png,LJULU
map_01652.png,LRTH3
map_01653.png,MC9TK
map_01654.png,MPLUU
map_01655.png,MQNRV
map_01656.png,NHDFA
map_01657.png,NMX4Y
map_01658.png,NV3FL
map_01659.png,NWMRV
map_01660.png,P3N3F
map_01661.png,PAPRC
map_01662.png,PV7YC
map_01663.png,PVLFN
map_01664.png,PWDDH
map_01665.png,PXNJC
map_01666.png,Q4QLE
map_01667.png,QTJMN
map_01668.png,R3T9X
map_01669.png,RDHWH
map_01670.png,RDTW7
map_01671.png,RHXLC
map_01672.png,RNENN
map_01673.png,RPHDN
map_01674.png,RQE74
map_01675.png,RQYLD
map_01676.png,RX9RV
map_01677.png,RXAUQ
map_01678.png,T4T97
map_01679.png,T4VXM
map_01680.png,T7AC9
map_01681.png,TFH7V
map_01682.png,TNTLU
map_01683.png,U79PD
map_01684.png,UCV93
map_01685.png,UEAVJ
map_01686.png,UM4FQ
map_01687.png,UMCF7
map_01688.png,V49YE
map_01689.png,VJN7D
map_01690.png,VVUQE
map_01691.png,W9C94
map_01692.png,WAUTF
map_01693.png,WHATA
map_01694.png,WKKUC
map_01695.png,WM4F7
map_01696.png,WNV3Y
map_01697.png,WTVVR
map_01698.png,WU4AY
map_01699.png,WXXU4
map_01700.png,WYLPV
map_01701.png,X4PQX
map_01702.png,XH7NN
map_01703.png,XMK7H
map_01704.png,XYU94
map_01705.png,YCTXU
map_01706.png,YTWFF
